<?xml version="1.0" encoding="UTF-8"?>

<jar-versions>
  <jar name="FastInfoset.jar" specVersion="1.0" specVendor="JBoss (http://www.jboss.org/)" specTitle="ITU-T Rec. X.891 | ISO/IEC 24824-1 (Fast Infoset)" implVersion="1.2.2" implVendor="Sun Microsystems, Inc." implTitle="Fast Infoset Implementation " implVendorID="com.sun" implURL="http://www.jboss.org/" sealed="false" md5Digest="eec5acb554b0acda16a0628393678ffa"/>
  <jar name="activation.jar" specVersion="1.1" specVendor="Sun Microsystems, Inc." specTitle="JavaBeans(TM) Activation Framework Specification" implVersion="1.1" implVendor="Sun Microsystems, Inc." implTitle="Sun Java System Application Server" implVendorID="com.sun" implURL="http://www.jboss.org/" sealed="false" md5Digest="bdbd32b31769808c31b31a3afa7c71d5"/>
  <jar name="antlr.jar" specVersion="4.2.3.GA" specVendor="JBoss (http://www.jboss.org/)" specTitle="JBoss" implVersion="4.2.3.GA (build: SVNTag=JBoss_4_2_3_GA date=200807181439)" implVendor="JBoss Inc." implTitle="JBoss [Trinity]" implVendorID="http://www.jboss.org/" implURL="http://www.jboss.org/" sealed="false" md5Digest="7561ca88f4cf71aa82de037980959c1a"/>
  <jar name="applet.jar" specVersion="4.2.3.GA" specVendor="JBoss (http://www.jboss.org/)" specTitle="JBoss" implVersion="4.2.3.GA (build: SVNTag=JBoss_4_2_3_GA date=200807181439)" implVendor="JBoss Inc." implTitle="JBoss [Trinity]" implVendorID="http://www.jboss.org/" implURL="http://www.jboss.org/" sealed="false" md5Digest="75a586e0bb2dfddb143e7c6e14820dc3"/>
  <jar name="autonumber-plugin.jar" specVersion="4.2.3.GA" specVendor="JBoss (http://www.jboss.org/)" specTitle="JBoss" implVersion="4.2.3.GA (build: SVNTag=JBoss_4_2_3_GA date=200807181439)" implVendor="JBoss Inc." implTitle="JBoss [Trinity]" implVendorID="http://www.jboss.org/" implURL="http://www.jboss.org/" sealed="false" md5Digest="27873d655694f82d52fb4cfedcd28ab3"/>
  <jar name="avalon-framework.jar" specVersion="4.2.3.GA" specVendor="JBoss (http://www.jboss.org/)" specTitle="JBoss" implVersion="4.2.3.GA (build: SVNTag=JBoss_4_2_3_GA date=200807181439)" implVendor="JBoss Inc." implTitle="JBoss [Trinity]" implVendorID="http://www.jboss.org/" implURL="http://www.jboss.org/" sealed="false" md5Digest="ad249cdc3e3fac2bd3f7fdb68cafad6d"/>
  <jar name="bcel.jar" specVersion="4.2.3.GA" specVendor="JBoss (http://www.jboss.org/)" specTitle="JBoss" implVersion="4.2.3.GA (build: SVNTag=JBoss_4_2_3_GA date=200807181439)" implVendor="JBoss Inc." implTitle="JBoss [Trinity]" implVendorID="http://www.jboss.org/" implURL="http://www.jboss.org/" sealed="false" md5Digest="43eefbfba2e188b6b900dc211d70bfbe"/>
  <jar name="bindingservice-plugin.jar" specVersion="4.2.3.GA" specVendor="JBoss (http://www.jboss.org/)" specTitle="JBoss" implVersion="4.2.3.GA (build: SVNTag=JBoss_4_2_3_GA date=200807181439)" implVendor="JBoss Inc." implTitle="JBoss [Trinity]" implVendorID="http://www.jboss.org/" implURL="http://www.jboss.org/" sealed="false" md5Digest="55b49b02d8a36ca775c83bb11c18a95d"/>
  <jar name="bsf.jar" specVersion="4.2.3.GA" specVendor="JBoss (http://www.jboss.org/)" specTitle="JBoss" implVersion="4.2.3.GA (build: SVNTag=JBoss_4_2_3_GA date=200807181439)" implVendor="JBoss Inc." implTitle="JBoss [Trinity]" implVendorID="http://www.jboss.org/" implURL="http://www.jboss.org/" sealed="false" md5Digest="80dde12aba80df270bd8bfd9b7523734"/>
  <jar name="bsh-deployer.jar" specVersion="4.2.3.GA" specVendor="JBoss (http://www.jboss.org/)" specTitle="JBoss" implVersion="4.2.3.GA (build: SVNTag=JBoss_4_2_3_GA date=200807181439)" implVendor="JBoss Inc." implTitle="JBoss [Trinity]" implVendorID="http://www.jboss.org/" implURL="http://www.jboss.org/" sealed="false" md5Digest="a98f81910d5632ce497da7db27bf4c0"/>
  <jar name="bsh.jar" specVersion="4.2.3.GA" specVendor="JBoss (http://www.jboss.org/)" specTitle="JBoss" implVersion="4.2.3.GA (build: SVNTag=JBoss_4_2_3_GA date=200807181439)" implVendor="JBoss Inc." implTitle="JBoss [Trinity]" implVendorID="http://www.jboss.org/" implURL="http://www.jboss.org/" sealed="false" md5Digest="43788fb1445c210f1da73436935d01fa"/>
  <jar name="cglib.jar" specVersion="4.2.3.GA" specVendor="JBoss (http://www.jboss.org/)" specTitle="JBoss" implVersion="4.2.3.GA (build: SVNTag=JBoss_4_2_3_GA date=200807181439)" implVendor="JBoss Inc." implTitle="JBoss [Trinity]" implVendorID="http://www.jboss.org/" implURL="http://www.jboss.org/" sealed="false" md5Digest="b826b47667e73358dfa3a0a267011555"/>
  <jar name="commons-codec.jar" specVersion="1.3" specVendor="Apache Software Foundation" specTitle="Jakarta Commons Codec" implVersion="1.3" implVendor="Apache Software Foundation" implTitle="org.apache.commons.codec" implVendorID="http://www.jboss.org/" implURL="http://www.jboss.org/" sealed="false" md5Digest="d4edbb5e09dfe3496654abddc0d9fec4"/>
  <jar name="commons-collections.jar" specVersion="3.1" specVendor="Apache Software Foundation" specTitle="Commons Collections" implVersion="3.1" implVendor="Apache Software Foundation" implTitle="JBoss [Trinity]" implVendorID="" implURL="http://www.jboss.org/" sealed="false" md5Digest="169d7bbf7f90bfbadd962faf44fdf3c9"/>
  <jar name="commons-httpclient.jar" specVersion="1.0" specVendor="Apache Software Foundation" specTitle="JBoss" implVersion="3.0.1" implVendor="Apache Software Foundation" implTitle="JBoss [Trinity]" implVendorID="http://www.jboss.org/" implURL="http://www.jboss.org/" sealed="false" md5Digest="1c79ec3eb25994174554978300c6355d"/>
  <jar name="commons-logging.jar" specVersion="1.0" specVendor="Apache Software Foundation" specTitle="Jakarta Commons Logging" implVersion="1.1.0.jboss" implVendor="Red Hat Middleware LLC" implTitle="Jakarta Commons Logging" implVendorID="jboss.org" implURL="http://www.jboss.org/" sealed="false" md5Digest="54077dee8eee49f8329427f782362a3c"/>
  <jar name="concurrent.jar" specVersion="4.2.3.GA" specVendor="JBoss (http://www.jboss.org/)" specTitle="JBoss" implVersion="4.2.3.GA (build: SVNTag=JBoss_4_2_3_GA date=200807181439)" implVendor="JBoss Inc." implTitle="JBoss [Trinity]" implVendorID="http://www.jboss.org/" implURL="http://www.jboss.org/" sealed="false" md5Digest="53042da435129c09762cd2f12be92bdf"/>
  <jar name="console-mgr-classes.jar" specVersion="4.2.3.GA" specVendor="JBoss (http://www.jboss.org/)" specTitle="JBoss" implVersion="4.2.3.GA (build: SVNTag=JBoss_4_2_3_GA date=200807181439)" implVendor="JBoss Inc." implTitle="JBoss [Trinity]" implVendorID="http://www.jboss.org/" implURL="http://www.jboss.org/" sealed="false" md5Digest="195dd005b126f0a49d4bed60ba412d05"/>
  <jar name="deployment-service.sar" specVersion="4.2.3.GA" specVendor="JBoss (http://www.jboss.org/)" specTitle="JBoss" implVersion="4.2.3.GA (build: SVNTag=JBoss_4_2_3_GA date=200807181439)" implVendor="JBoss Inc." implTitle="JBoss [Trinity]" implVendorID="http://www.jboss.org/" implURL="http://www.jboss.org/" sealed="false" md5Digest="f055130042088c9c4d899db145a4ab1e"/>
  <jar name="derby-plugin.jar" specVersion="4.2.3.GA" specVendor="JBoss (http://www.jboss.org/)" specTitle="JBoss" implVersion="4.2.3.GA (build: SVNTag=JBoss_4_2_3_GA date=200807181439)" implVendor="JBoss Inc." implTitle="JBoss [Trinity]" implVendorID="http://www.jboss.org/" implURL="http://www.jboss.org/" sealed="false" md5Digest="952c1809783c9d128eded074019c0a78"/>
  <jar name="dom4j.jar" specVersion="4.2.3.GA" specVendor="JBoss (http://www.jboss.org/)" specTitle="JBoss" implVersion="4.2.3.GA (build: SVNTag=JBoss_4_2_3_GA date=200807181439)" implVendor="JBoss Inc." implTitle="JBoss [Trinity]" implVendorID="http://www.jboss.org/" implURL="http://www.jboss.org/" sealed="false" md5Digest="1f7c9bd14bbd10ba9bb1ccdf96e9d1a9"/>
  <jar name="ejb-management.jar" specVersion="4.2.3.GA" specVendor="JBoss (http://www.jboss.org/)" specTitle="JBoss" implVersion="4.2.3.GA (build: SVNTag=JBoss_4_2_3_GA date=200807181439)" implVendor="JBoss Inc." implTitle="JBoss [Trinity]" implVendorID="http://www.jboss.org/" implURL="http://www.jboss.org/" sealed="false" md5Digest="c12cdccfc402e094539ca0b59de905e7"/>
  <jar name="ejb3-persistence.jar" specVersion="3.0 Final Release" specVendor="Sun Microsystems, Inc." specTitle="EJB 3.0" implVersion="3.0 Final Release September 22 2006" implVendor="hibernate.org" implTitle="EJB" implVendorID="http://www.jboss.org/" implURL="http://www.jboss.org/" sealed="false" md5Digest="33f37b8e5e5564caaeb57f22f2f793e1"/>
  <jar name="el-api.jar" specVersion="4.2.3.GA" specVendor="JBoss (http://www.jboss.org/)" specTitle="JBoss" implVersion="4.2.3.GA (build: SVNTag=JBoss_4_2_3_GA date=200807181439)" implVendor="JBoss Inc." implTitle="JBoss [Trinity]" implVendorID="http://www.jboss.org/" implURL="http://www.jboss.org/" sealed="false" md5Digest="43cac82bcd1e83f070618275356d5279"/>
  <jar name="getopt.jar" specVersion="4.2.3.GA" specVendor="JBoss (http://www.jboss.org/)" specTitle="JBoss" implVersion="4.2.3.GA (build: SVNTag=JBoss_4_2_3_GA date=200807181439)" implVendor="JBoss Inc." implTitle="JBoss [Trinity]" implVendorID="http://www.jboss.org/" implURL="http://www.jboss.org/" sealed="false" md5Digest="76db16e13dba81d5208eca4ac10c8b9e"/>
  <jar name="hibernate-annotations.jar" specVersion="4.2.3.GA" specVendor="JBoss (http://www.jboss.org/)" specTitle="JBoss" implVersion="4.2.3.GA (build: SVNTag=JBoss_4_2_3_GA date=200807181439)" implVendor="JBoss Inc." implTitle="JBoss [Trinity]" implVendorID="http://www.jboss.org/" implURL="http://www.jboss.org/" sealed="false" md5Digest="7f8f17e1c43b500476c98338607caabb"/>
  <jar name="hibernate-client.jar" specVersion="4.2.3.GA" specVendor="JBoss (http://www.jboss.org/)" specTitle="JBoss" implVersion="4.2.3.GA (build: SVNTag=JBoss_4_2_3_GA date=200807181439)" implVendor="JBoss Inc." implTitle="JBoss [Trinity]" implVendorID="http://www.jboss.org/" implURL="http://www.jboss.org/" sealed="false" md5Digest="f9d92def798129c87c21e796bd1d8104"/>
  <jar name="hibernate-entitymanager.jar" specVersion="4.2.3.GA" specVendor="JBoss (http://www.jboss.org/)" specTitle="JBoss" implVersion="4.2.3.GA (build: SVNTag=JBoss_4_2_3_GA date=200807181439)" implVendor="JBoss Inc." implTitle="JBoss [Trinity]" implVendorID="http://www.jboss.org/" implURL="http://www.jboss.org/" sealed="false" md5Digest="d06db8fd77802dae4c403f5e59b25b2b"/>
  <jar name="hibernate3.jar" specVersion="4.2.3.GA" specVendor="JBoss (http://www.jboss.org/)" specTitle="JBoss" implVersion="3.2.4.sp1" implVendor="hibernate.org" implTitle="Hibernate3" implVendorID="http://www.jboss.org/" implURL="http://www.jboss.org/" sealed="false" md5Digest="aa53c8803bb6a5291960d64e548f46ea"/>
  <jar name="hsqldb-plugin.jar" specVersion="4.2.3.GA" specVendor="JBoss (http://www.jboss.org/)" specTitle="JBoss" implVersion="4.2.3.GA (build: SVNTag=JBoss_4_2_3_GA date=200807181439)" implVendor="JBoss Inc." implTitle="JBoss [Trinity]" implVendorID="http://www.jboss.org/" implURL="http://www.jboss.org/" sealed="false" md5Digest="ef11be9f3222fe96a70f62045eb7625"/>
  <jar name="hsqldb.jar" specVersion="4.2.3.GA" specVendor="JBoss (http://www.jboss.org/)" specTitle="JBoss" implVersion="4.2.3.GA (build: SVNTag=JBoss_4_2_3_GA date=200807181439)" implVendor="JBoss Inc." implTitle="JBoss [Trinity]" implVendorID="http://www.jboss.org/" implURL="http://www.jboss.org/" sealed="false" md5Digest="657d163054d29604f6afc8033a95019d"/>
  <jar name="jacorb.jar" specVersion="4.2.3.GA" specVendor="JBoss (http://www.jboss.org/)" specTitle="JBoss" implVersion="4.2.3.GA (build: SVNTag=JBoss_4_2_3_GA date=200807181439)" implVendor="JBoss Inc." implTitle="JBoss [Trinity]" implVendorID="http://www.jboss.org/" implURL="http://www.jboss.org/" sealed="false" md5Digest="e153d2e1e8a76fcbcff793238a549b61"/>
  <jar name="jasper-jdt.jar" specVersion="4.2.3.GA" specVendor="JBoss (http://www.jboss.org/)" specTitle="JBoss" implVersion="4.2.3.GA (build: SVNTag=JBoss_4_2_3_GA date=200807181439)" implVendor="JBoss Inc." implTitle="JBoss [Trinity]" implVendorID="http://www.jboss.org/" implURL="http://www.jboss.org/" sealed="false" md5Digest="2f6839e2f0927db6335408aff8dadc55"/>
  <jar name="javassist.jar" specVersion="3.8.0.GA" specVendor="Shigeru Chiba, Tokyo Institute of Technology" specTitle="Javassist" implVersion="4.2.3.GA (build: SVNTag=JBoss_4_2_3_GA date=200807181439)" implVendor="JBoss Inc." implTitle="JBoss [Trinity]" implVendorID="http://www.jboss.org/" implURL="http://www.jboss.org/" sealed="false" md5Digest="f2cb21547527429ac88fb80c66382f78"/>
  <jar name="jaxb-api.jar" specVersion="2.1" specVendor="Sun Microsystems, Inc." specTitle="Java Architecture for XML Binding" implVersion="4.2.3.GA (build: SVNTag=JBoss_4_2_3_GA date=200807181439)" implVendor="JBoss Inc." implTitle="JBoss [Trinity]" implVendorID="http://www.jboss.org/" implURL="http://www.jboss.org/" sealed="false" md5Digest="80a0d1ec0ea468ac744ce9ea078e5e01"/>
  <jar name="jaxb-impl.jar" specVersion="2.1" specVendor="Sun Microsystems, Inc." specTitle="Java Architecture for XML Binding" implVersion="2.1.4" implVendor="Sun Microsystems, Inc." implTitle="JAXB Reference Implementation " implVendorID="com.sun" implURL="http://www.jboss.org/" sealed="false" md5Digest="c7d4d37ec7c91b736bcc8719dbfe623b"/>
  <jar name="jaxb-xjc.jar" specVersion="2.1" specVendor="Sun Microsystems, Inc." specTitle="Java Architecture for XML Binding" implVersion="2.1.4" implVendor="Sun Microsystems, Inc." implTitle="JAXB Reference Implementation " implVendorID="com.sun" implURL="http://www.jboss.org/" sealed="false" md5Digest="7508e194040142445df25bed22c38cf1"/>
  <jar name="jaxen.jar" specVersion="4.2.3.GA" specVendor="Codehaus" specTitle="Universal Java XPath Engine" implVersion="1.1" implVendor="Codehaus" implTitle="org.jaxen" implVendorID="http://www.jboss.org/" implURL="http://www.jboss.org/" sealed="false" md5Digest="b91454b557d87c445084e8ad52c9192"/>
  <jar name="jaxws-rt.jar" specVersion="2.0" specVendor="JBoss (http://www.jboss.org/)" specTitle="The Java API for XML Web Services" implVersion="2.0" implVendor="Sun Microsystems Inc" implTitle="JAX-WS Implementation" implVendorID="com.sun" implURL="http://www.jboss.org/" sealed="false" md5Digest="ba2bd5d83b6d556214b087cbb0233e6f"/>
  <jar name="jaxws-tools.jar" specVersion="2.0" specVendor="JBoss (http://www.jboss.org/)" specTitle="The Java API for XML Web Services" implVersion="2.0" implVendor="Sun Microsystems Inc" implTitle="JAX-WS Implementation" implVendorID="com.sun" implURL="http://www.jboss.org/" sealed="false" md5Digest="c8e7ea55dc475e2f978f6147a13d5dcc"/>
  <jar name="jboss-annotations-ejb3.jar" specVersion="JBoss EJB 3.0 AS 4.2.1 GA" specVendor="JBoss" specTitle="JBoss EJB 3.0" implVersion="JBoss EJB 3.0 AS 4.2.1 GA" implVendor="JBoss" implTitle="JBoss EJB 3.0" implVendorID="http://www.jboss.org/" implURL="http://www.jboss.com/products/ejb3" sealed="false" md5Digest="fb4f209dba3864ad1e8cbc59385819a"/>
  <jar name="jboss-aop-jdk50-client.jar" specVersion="jboss-aop-1.5.6.GA" specVendor="JBoss (http://www.jboss.org/)" specTitle="JBoss AOP Framework" implVersion="jboss-aop-1.5.6.GA" implVendor="JBoss.org" implTitle="JBoss AOP Framework" implVendorID="http://www.jboss.org/" implURL="http://www.jboss.org/" sealed="false" md5Digest="e0e70114ffa0cf2261eab9c9c00f52"/>
  <jar name="jboss-aop-jdk50.jar" specVersion="jboss-aop-1.5.6.GA" specVendor="JBoss (http://www.jboss.org/)" specTitle="JBoss AOP Framework" implVersion="jboss-aop-1.5.6.GA" implVendor="JBoss.org" implTitle="JBoss AOP Framework" implVendorID="http://www.jboss.org/" implURL="http://www.jboss.org/" sealed="false" md5Digest="21581d082855c411eaea315fb8d145e1"/>
  <jar name="jboss-aspect-jdk50-client.jar" specVersion="jboss-aspect-library-1.5" specVendor="JBoss (http://www.jboss.org/)" specTitle="JBoss AOP Aspect Library" implVersion="jboss-aspect-library-1.5" implVendor="JBoss Inc." implTitle="JBoss AOP Aspect Library" implVendorID="http://www.jboss.org/" implURL="http://www.jboss.org/" sealed="false" md5Digest="bbd2c07fd33813a416fedf2fb8fbc699"/>
  <jar name="jboss-aspect-library-jdk50.jar" specVersion="jboss-aspect-library-1.5" specVendor="JBoss (http://www.jboss.org/)" specTitle="JBoss AOP Aspect Library" implVersion="jboss-aspect-library-1.5" implVendor="JBoss Inc." implTitle="JBoss AOP Aspect Library" implVendorID="http://www.jboss.org/" implURL="http://www.jboss.org/" sealed="false" md5Digest="e73b6c15e31a02633268146e4367aab"/>
  <jar name="jboss-bean-deployer.jar" specVersion="4.2.3.GA" specVendor="JBoss (http://www.jboss.org/)" specTitle="JBoss" implVersion="4.2.3.GA (build: SVNTag=JBoss_4_2_3_GA date=200807181439)" implVendor="JBoss Inc." implTitle="JBoss [Trinity]" implVendorID="http://www.jboss.org/" implURL="http://www.jboss.org/" sealed="false" md5Digest="ee115a042d2ae4baf09d90b9eb4b30f9"/>
  <jar name="jboss-cache-jdk50.jar" specVersion="1.4.1.SP9" specVendor="JBoss Inc." specTitle="JBossCache" implVersion="1.4.1.SP9" implVendor="JBoss Inc." implTitle="JBossCache" implVendorID="http://www.jboss.org/" implURL="http://www.jboss.org/" sealed="false" md5Digest="b15775e521bf8c0762e4d9c3f1faa380"/>
  <jar name="jboss-client.jar" specVersion="4.2.3.GA" specVendor="JBoss (http://www.jboss.org/)" specTitle="JBoss" implVersion="4.2.3.GA (build: SVNTag=JBoss_4_2_3_GA date=200807181439)" implVendor="JBoss Inc." implTitle="JBoss [Trinity]" implVendorID="http://www.jboss.org/" implURL="http://www.jboss.org/" sealed="false" md5Digest="889d7fa71cad75e612aa79150cae84d4"/>
  <jar name="jboss-common-client.jar" specVersion="1.2.1.GA" specVendor="JBoss (http://www.jboss.org/)" specTitle="JBoss Common" implVersion="1.2.1.GA (build: SVNTag=JBossCommon_1_2_1_GA date=200709251905)" implVendor="JBoss.org" implTitle="JBoss Common [Trinity]" implVendorID="http://www.jboss.org/" implURL="http://www.jboss.org/" sealed="false" md5Digest="2f3364320fba0e7a9fe84a2e87a840bd"/>
  <jar name="jboss-common-jdbc-wrapper.jar" specVersion="4.2.3.GA" specVendor="JBoss (http://www.jboss.org/)" specTitle="JBoss" implVersion="4.2.3.GA (build: SVNTag=JBoss_4_2_3_GA date=200807181439)" implVendor="JBoss Inc." implTitle="JBoss [Trinity]" implVendorID="http://www.jboss.org/" implURL="http://www.jboss.org/" sealed="false" md5Digest="fa36b60de7f27743abe3a3b70261b2ae"/>
  <jar name="jboss-common.jar" specVersion="1.2.1.GA" specVendor="JBoss (http://www.jboss.org/)" specTitle="JBoss Common" implVersion="1.2.1.GA (build: SVNTag=JBossCommon_1_2_1_GA date=200709251905)" implVendor="JBoss.org" implTitle="JBoss Common [Trinity]" implVendorID="http://www.jboss.org/" implURL="http://www.jboss.org/" sealed="false" md5Digest="b8bb27963231a0d8c148586c1fa32594"/>
  <jar name="jboss-container.jar" specVersion="5.0.0" specVendor="JBoss (http://www.jboss.org/)" specTitle="JBoss" implVersion="5.0.0alpha (build: CVSTag=HEAD date=200601252203)" implVendor="JBoss.org" implTitle="JBoss [TheOne]" implVendorID="http://www.jboss.org/" implURL="http://www.jboss.org/" sealed="false" md5Digest="bc02bb6db90c2954ae4b83f8d71004b3"/>
  <jar name="jboss-dependency.jar" specVersion="5.0.0" specVendor="JBoss (http://www.jboss.org/)" specTitle="JBoss" implVersion="5.0.0alpha (build: CVSTag=HEAD date=200601252203)" implVendor="JBoss.org" implTitle="JBoss [TheOne]" implVendorID="http://www.jboss.org/" implURL="http://www.jboss.org/" sealed="false" md5Digest="7ca0f56c92f29c14806d293f6007e32b"/>
  <jar name="jboss-deployment.jar" specVersion="1.1" specVendor="Sun Microsystems, Inc." specTitle="J2EE Deployment API" implVersion="1.1-DEV" implVendor="JBoss Inc." implTitle="JBoss JSR-88 Deployment API" implVendorID="http://www.jboss.org/" implURL="http://www.jboss.org/" sealed="false" md5Digest="502a0342bdacf054aca80a0fbcd7a5e8"/>
  <jar name="jboss-ejb3-client.jar" specVersion="JBoss EJB 3.0 AS 4.2.1 GA" specVendor="JBoss" specTitle="JBoss EJB 3.0" implVersion="JBoss EJB 3.0 AS 4.2.1 GA" implVendor="JBoss" implTitle="JBoss EJB 3.0" implVendorID="http://www.jboss.org/" implURL="http://www.jboss.com/products/ejb3" sealed="false" md5Digest="faec8e7eeaa8e36b7147cd162363c208"/>
  <jar name="jboss-ejb3.jar" specVersion="JBoss EJB 3.0 AS 4.2.1 GA" specVendor="JBoss" specTitle="JBoss EJB 3.0" implVersion="JBoss EJB 3.0 AS 4.2.1 GA" implVendor="JBoss" implTitle="JBoss EJB 3.0" implVendorID="http://www.jboss.org/" implURL="http://www.jboss.com/products/ejb3" sealed="false" md5Digest="e1686529afa8923051cfe1b72b95db4e"/>
  <jar name="jboss-ejb3x.jar" specVersion="4.2.3.GA" specVendor="JBoss (http://www.jboss.org/)" specTitle="JBoss" implVersion="4.2.3.GA (build: SVNTag=JBoss_4_2_3_GA date=200807181439)" implVendor="JBoss Inc." implTitle="JBoss [Trinity]" implVendorID="http://www.jboss.org/" implURL="http://www.jboss.org/" sealed="false" md5Digest="262e24235a1458451dcc8108805dd5ca"/>
  <jar name="jboss-faces.jar" specVersion="4.2.3.GA" specVendor="JBoss (http://www.jboss.org/)" specTitle="JBoss" implVersion="4.2.3.GA (build: SVNTag=JBoss_4_2_3_GA date=200807181439)" implVendor="JBoss Inc." implTitle="JBoss [Trinity]" implVendorID="http://www.jboss.org/" implURL="http://www.jboss.org/" sealed="false" md5Digest="259a1b042613ba32c1799da9f782157c"/>
  <jar name="jboss-ha-local-jdbc.rar" specVersion="4.2.3.GA" specVendor="JBoss (http://www.jboss.org/)" specTitle="JBoss" implVersion="4.2.3.GA (build: SVNTag=JBoss_4_2_3_GA date=200807181439)" implVendor="JBoss Inc." implTitle="JBoss [Trinity]" implVendorID="http://www.jboss.org/" implURL="http://www.jboss.org/" sealed="false" md5Digest="d7ccfa31dbc846b9c5c9d80012c8938e"/>
  <jar name="jboss-ha-xa-jdbc.rar" specVersion="4.2.3.GA" specVendor="JBoss (http://www.jboss.org/)" specTitle="JBoss" implVersion="4.2.3.GA (build: SVNTag=JBoss_4_2_3_GA date=200807181439)" implVendor="JBoss Inc." implTitle="JBoss [Trinity]" implVendorID="http://www.jboss.org/" implURL="http://www.jboss.org/" sealed="false" md5Digest="ad5eab0663ed67e1c3d206f9826e142e"/>
  <jar name="jboss-hibernate.jar" specVersion="4.2.3.GA" specVendor="JBoss (http://www.jboss.org/)" specTitle="JBoss" implVersion="4.2.3.GA (build: SVNTag=JBoss_4_2_3_GA date=200807181439)" implVendor="JBoss Inc." implTitle="JBoss [Trinity]" implVendorID="http://www.jboss.org/" implURL="http://www.jboss.org/" sealed="false" md5Digest="ea859209f9920310a7319e0f22f46ac3"/>
  <jar name="jboss-iiop-client.jar" specVersion="4.2.3.GA" specVendor="JBoss (http://www.jboss.org/)" specTitle="JBoss" implVersion="4.2.3.GA (build: SVNTag=JBoss_4_2_3_GA date=200807181439)" implVendor="JBoss Inc." implTitle="JBoss [Trinity]" implVendorID="http://www.jboss.org/" implURL="http://www.jboss.org/" sealed="false" md5Digest="46ac09c34484102862cba06657e7d1ed"/>
  <jar name="jboss-iiop.jar" specVersion="4.2.3.GA" specVendor="JBoss (http://www.jboss.org/)" specTitle="JBoss" implVersion="4.2.3.GA (build: SVNTag=JBoss_4_2_3_GA date=200807181439)" implVendor="JBoss Inc." implTitle="JBoss [Trinity]" implVendorID="http://www.jboss.org/" implURL="http://www.jboss.org/" sealed="false" md5Digest="e9e6d349007d73943f83ea01efbb10fa"/>
  <jar name="jboss-j2ee.jar" specVersion="4.2.3.GA" specVendor="JBoss (http://www.jboss.org/)" specTitle="JBoss" implVersion="4.2.3.GA (build: SVNTag=JBoss_4_2_3_GA date=200807181439)" implVendor="JBoss Inc." implTitle="JBoss [Trinity]" implVendorID="http://www.jboss.org/" implURL="http://www.jboss.org/" sealed="false" md5Digest="c528a3a316e1b40a7936d4a708d77d3a"/>
  <jar name="jboss-jaxb-intros.jar" specVersion="jbossws-2.0" specVendor="JBoss (http://www.jboss.org)" specTitle="JBossWS" implVersion="jbossws-1.0.0.beta2 (build=200709211102)" implVendor="JBoss Inc." implTitle="JBoss Web Services - Integration JBoss42" implVendorID="http://www.jboss.org" implURL="http://www.jboss.org/products/jbossws" sealed="false" md5Digest="896734ee5b3a73716b2d20722f2ae6f7"/>
  <jar name="jboss-jaxrpc.jar" specVersion="jbossws-3.0" specVendor="JBoss (http://www.jboss.org)" specTitle="JBossWS" implVersion="jbossws-3.0.1-native-2.0.4.GA (build=200803312044)" implVendor="JBoss Inc." implTitle="JBoss Web Services - Native" implVendorID="http://www.jboss.org" implURL="http://www.jboss.org/products/jbossws" sealed="false" md5Digest="4c7a944f64fa22bf7e94a1cbe9f5f2fb"/>
  <jar name="jboss-jaxws-ext.jar" specVersion="jbossws-3.0" specVendor="JBoss (http://www.jboss.org)" specTitle="JBossWS" implVersion="jbossws-3.0.1-native-2.0.4.GA (build=200803312044)" implVendor="JBoss Inc." implTitle="JBoss Web Services - Native" implVendorID="http://www.jboss.org" implURL="http://www.jboss.org/products/jbossws" sealed="false" md5Digest="5c688847cf4eb9990e701580e483c2fe"/>
  <jar name="jboss-jaxws.jar" specVersion="jbossws-3.0" specVendor="JBoss (http://www.jboss.org)" specTitle="JBossWS" implVersion="jbossws-3.0.1-native-2.0.4.GA (build=200803312044)" implVendor="JBoss Inc." implTitle="JBoss Web Services - Native" implVendorID="http://www.jboss.org" implURL="http://www.jboss.org/products/jbossws" sealed="false" md5Digest="c697fe04a0fa6d0717d426473025b9b9"/>
  <jar name="jboss-jca.jar" specVersion="4.2.3.GA" specVendor="JBoss (http://www.jboss.org/)" specTitle="JBoss" implVersion="4.2.3.GA (build: SVNTag=JBoss_4_2_3_GA date=200807181439)" implVendor="JBoss Inc." implTitle="JBoss [Trinity]" implVendorID="http://www.jboss.org/" implURL="http://www.jboss.org/" sealed="false" md5Digest="bde5dc681d483cff2fccf352b9368280"/>
  <jar name="jboss-jmx.jar" specVersion="4.2.3.GA" specVendor="JBoss (http://www.jboss.org/)" specTitle="JBoss" implVersion="4.2.3.GA (build: SVNTag=JBoss_4_2_3_GA date=200807181439)" implVendor="JBoss Inc." implTitle="JBoss [Trinity]" implVendorID="http://www.jboss.org/" implURL="http://www.jboss.org/" sealed="false" md5Digest="806eba6c7c5951f1de07e23a1bb23487"/>
  <jar name="jboss-jsr77-client.jar" specVersion="4.2.3.GA" specVendor="JBoss (http://www.jboss.org/)" specTitle="JBoss" implVersion="4.2.3.GA (build: SVNTag=JBoss_4_2_3_GA date=200807181439)" implVendor="JBoss Inc." implTitle="JBoss [Trinity]" implVendorID="http://www.jboss.org/" implURL="http://www.jboss.org/" sealed="false" md5Digest="3c12136d3c2e0cc05210beecdd6a0830"/>
  <jar name="jboss-jsr77.jar" specVersion="4.2.3.GA" specVendor="JBoss (http://www.jboss.org/)" specTitle="JBoss" implVersion="4.2.3.GA (build: SVNTag=JBoss_4_2_3_GA date=200807181439)" implVendor="JBoss Inc." implTitle="JBoss [Trinity]" implVendorID="http://www.jboss.org/" implURL="http://www.jboss.org/" sealed="false" md5Digest="c742bc1a1c04741888df1400c5cd9d14"/>
  <jar name="jboss-jsr88.jar" specVersion="4.2.3.GA" specVendor="JBoss (http://www.jboss.org/)" specTitle="JBoss" implVersion="4.2.3.GA (build: SVNTag=JBoss_4_2_3_GA date=200807181439)" implVendor="JBoss Inc." implTitle="JBoss [Trinity]" implVendorID="http://www.jboss.org/" implURL="http://www.jboss.org/" sealed="false" md5Digest="f6ded295201f37cad70dff6e320e35fd"/>
  <jar name="jboss-local-jdbc.rar" specVersion="4.2.3.GA" specVendor="JBoss (http://www.jboss.org/)" specTitle="JBoss" implVersion="4.2.3.GA (build: SVNTag=JBoss_4_2_3_GA date=200807181439)" implVendor="JBoss Inc." implTitle="JBoss [Trinity]" implVendorID="http://www.jboss.org/" implURL="http://www.jboss.org/" sealed="false" md5Digest="4c48682549ecb46c5e852f6b5148f134"/>
  <jar name="jboss-management.jar" specVersion="4.2.3.GA" specVendor="JBoss (http://www.jboss.org/)" specTitle="JBoss" implVersion="4.2.3.GA (build: SVNTag=JBoss_4_2_3_GA date=200807181439)" implVendor="JBoss Inc." implTitle="JBoss [Trinity]" implVendorID="http://www.jboss.org/" implURL="http://www.jboss.org/" sealed="false" md5Digest="9025e19c55d780455d26bf5bb247ef9"/>
  <jar name="jboss-microcontainer.jar" specVersion="5.0.0" specVendor="JBoss (http://www.jboss.org/)" specTitle="JBoss" implVersion="5.0.0alpha (build: CVSTag=HEAD date=200601252203)" implVendor="JBoss.org" implTitle="JBoss [TheOne]" implVendorID="http://www.jboss.org/" implURL="http://www.jboss.org/" sealed="false" md5Digest="e96e15d1add8fcb3e8efe0ec4075b28f"/>
  <jar name="jboss-minimal.jar" specVersion="4.2.3.GA" specVendor="JBoss (http://www.jboss.org/)" specTitle="JBoss" implVersion="4.2.3.GA (build: SVNTag=JBoss_4_2_3_GA date=200807181439)" implVendor="JBoss Inc." implTitle="JBoss [Trinity]" implVendorID="http://www.jboss.org/" implURL="http://www.jboss.org/" sealed="false" md5Digest="6408f82f2d0f72396947ba50b6d0e0fd"/>
  <jar name="jboss-monitoring.jar" specVersion="4.2.3.GA" specVendor="JBoss (http://www.jboss.org/)" specTitle="JBoss" implVersion="4.2.3.GA (build: SVNTag=JBoss_4_2_3_GA date=200807181439)" implVendor="JBoss Inc." implTitle="JBoss [Trinity]" implVendorID="http://www.jboss.org/" implURL="http://www.jboss.org/" sealed="false" md5Digest="df668f05f1f7c7d2c6a2834fa9fdf11f"/>
  <jar name="jboss-remoting-int.jar" specVersion="4.2.3.GA" specVendor="JBoss (http://www.jboss.org/)" specTitle="JBoss" implVersion="4.2.3.GA (build: SVNTag=JBoss_4_2_3_GA date=200807181439)" implVendor="JBoss Inc." implTitle="JBoss [Trinity]" implVendorID="http://www.jboss.org/" implURL="http://www.jboss.org/" sealed="false" md5Digest="8d9464106bb1cedfea1af28df4031904"/>
  <jar name="jboss-remoting.jar" specVersion="4.2.3.GA" specVendor="JBoss (http://www.jboss.org/)" specTitle="JBoss" implVersion="4.2.3.GA (build: SVNTag=JBoss_4_2_3_GA date=200807181439)" implVendor="JBoss Inc." implTitle="JBoss [Trinity]" implVendorID="http://www.jboss.org/" implURL="http://www.jboss.org/" sealed="false" md5Digest="f3bd0382c9dead309979407b5e9c81d2"/>
  <jar name="jboss-saaj.jar" specVersion="jbossws-3.0" specVendor="JBoss (http://www.jboss.org)" specTitle="JBossWS" implVersion="jbossws-3.0.1-native-2.0.4.GA (build=200803312044)" implVendor="JBoss Inc." implTitle="JBoss Web Services - Native" implVendorID="http://www.jboss.org" implURL="http://www.jboss.org/products/jbossws" sealed="false" md5Digest="ebf3c4e33144ff8814a50f54d86052c0"/>
  <jar name="jboss-serialization.jar" specVersion="4.2.3.GA" specVendor="JBoss (http://www.jboss.org/)" specTitle="JBoss" implVersion="4.2.3.GA (build: SVNTag=JBoss_4_2_3_GA date=200807181439)" implVendor="JBoss Inc." implTitle="JBoss [Trinity]" implVendorID="http://www.jboss.org/" implURL="http://www.jboss.org/" sealed="false" md5Digest="9132a9838a2b7452f931d6037cd5acc7"/>
  <jar name="jboss-srp-client.jar" specVersion="4.2.3.GA" specVendor="JBoss (http://www.jboss.org/)" specTitle="JBoss" implVersion="4.2.3.GA (build: SVNTag=JBoss_4_2_3_GA date=200807181439)" implVendor="JBoss Inc." implTitle="JBoss [Trinity]" implVendorID="http://www.jboss.org/" implURL="http://www.jboss.org/" sealed="false" md5Digest="44e541bf536126e164807378ec2c7713"/>
  <jar name="jboss-srp.jar" specVersion="4.2.3.GA" specVendor="JBoss (http://www.jboss.org/)" specTitle="JBoss" implVersion="4.2.3.GA (build: SVNTag=JBoss_4_2_3_GA date=200807181439)" implVendor="JBoss Inc." implTitle="JBoss [Trinity]" implVendorID="http://www.jboss.org/" implURL="http://www.jboss.org/" sealed="false" md5Digest="b9b86bb17beb1a0bcd23ca6a7e1395c4"/>
  <jar name="jboss-system-client.jar" specVersion="4.2.3.GA" specVendor="JBoss (http://www.jboss.org/)" specTitle="JBoss" implVersion="4.2.3.GA (build: SVNTag=JBoss_4_2_3_GA date=200807181439)" implVendor="JBoss Inc." implTitle="JBoss [Trinity]" implVendorID="http://www.jboss.org/" implURL="http://www.jboss.org/" sealed="false" md5Digest="a87333b3a2f600c1a99ddc206322cc5a"/>
  <jar name="jboss-system.jar" specVersion="4.2.3.GA" specVendor="JBoss (http://www.jboss.org/)" specTitle="JBoss" implVersion="4.2.3.GA (build: SVNTag=JBoss_4_2_3_GA date=200807181439)" implVendor="JBoss Inc." implTitle="JBoss [Trinity]" implVendorID="http://www.jboss.org/" implURL="http://www.jboss.org/" sealed="false" md5Digest="f4dba3baf0d4073c4eefb3832bd21938"/>
  <jar name="jboss-transaction-client.jar" specVersion="4.2.3.GA" specVendor="JBoss (http://www.jboss.org/)" specTitle="JBoss" implVersion="4.2.3.GA (build: SVNTag=JBoss_4_2_3_GA date=200807181439)" implVendor="JBoss Inc." implTitle="JBoss [Trinity]" implVendorID="http://www.jboss.org/" implURL="http://www.jboss.org/" sealed="false" md5Digest="677972ad0a5e30a4266a5fa408f9ce5f"/>
  <jar name="jboss-transaction.jar" specVersion="4.2.3.GA" specVendor="JBoss (http://www.jboss.org/)" specTitle="JBoss" implVersion="4.2.3.GA (build: SVNTag=JBoss_4_2_3_GA date=200807181439)" implVendor="JBoss Inc." implTitle="JBoss [Trinity]" implVendorID="http://www.jboss.org/" implURL="http://www.jboss.org/" sealed="false" md5Digest="a486baf4b01401925b73144b9dfb1074"/>
  <jar name="jboss-vfs.jar" specVersion="1.0.0.GA" specVendor="JBoss, A division of Red Hat" specTitle="JBoss VFS" implVersion="1.0.0.GA" implVendor="JBoss, A division of Red Hat" implTitle="JBoss VFS" implVendorID="jboss" implURL="http://www.jboss.org/" sealed="false" md5Digest="9c85af7a05a265950466d75eb65aa9ce"/>
  <jar name="jboss-web-cluster.aop" specVersion="4.2.3.GA" specVendor="JBoss (http://www.jboss.org/)" specTitle="JBoss" implVersion="4.2.3.GA (build: SVNTag=JBoss_4_2_3_GA date=200807181439)" implVendor="JBoss Inc." implTitle="JBoss [Trinity]" implVendorID="http://www.jboss.org/" implURL="http://www.jboss.org/" sealed="false" md5Digest="b53ae2204ce0847417f2a851c7382fb1"/>
  <jar name="jboss-xa-jdbc.rar" specVersion="4.2.3.GA" specVendor="JBoss (http://www.jboss.org/)" specTitle="JBoss" implVersion="4.2.3.GA (build: SVNTag=JBoss_4_2_3_GA date=200807181439)" implVendor="JBoss Inc." implTitle="JBoss [Trinity]" implVendorID="http://www.jboss.org/" implURL="http://www.jboss.org/" sealed="false" md5Digest="d387704762c8494d9c149b64c6bc5957"/>
  <jar name="jboss-xml-binding.jar" specVersion="1.0.0.SP3" specVendor="JBoss Inc." specTitle="JBoss XML Binding" implVersion="1.0.0.SP3" implVendor="JBoss Inc." implTitle="JBoss XML Binding" implVendorID="org.jboss" implURL="http://www.jboss.org" sealed="false" md5Digest="ab5c44e87620610b7538df0002fd30b9"/>
  <jar name="jboss.jar" specVersion="4.2.3.GA" specVendor="JBoss (http://www.jboss.org/)" specTitle="JBoss" implVersion="4.2.3.GA (build: SVNTag=JBoss_4_2_3_GA date=200807181439)" implVendor="JBoss Inc." implTitle="JBoss [Trinity]" implVendorID="http://www.jboss.org/" implURL="http://www.jboss.org/" sealed="false" md5Digest="c61c3bdf9ac4e2fa42bd760b348247b4"/>
  <jar name="jbossall-client.jar" specVersion="4.2.3.GA" specVendor="JBoss (http://www.jboss.org/)" specTitle="JBoss" implVersion="4.2.3.GA (build: SVNTag=JBoss_4_2_3_GA date=200807181439)" implVendor="JBoss Inc." implTitle="JBoss [Trinity]" implVendorID="http://www.jboss.org/" implURL="http://www.jboss.org/" sealed="false" md5Digest="86579294030e7ada95918f4c77bd33c5"/>
  <jar name="jbosscx-client.jar" specVersion="4.2.3.GA" specVendor="JBoss (http://www.jboss.org/)" specTitle="JBoss" implVersion="4.2.3.GA (build: SVNTag=JBoss_4_2_3_GA date=200807181439)" implVendor="JBoss Inc." implTitle="JBoss [Trinity]" implVendorID="http://www.jboss.org/" implURL="http://www.jboss.org/" sealed="false" md5Digest="3d1a255ec7a2d784bb114cd7dd9d6599"/>
  <jar name="jbossha-client.jar" specVersion="4.2.3.GA" specVendor="JBoss (http://www.jboss.org/)" specTitle="JBoss" implVersion="4.2.3.GA (build: SVNTag=JBoss_4_2_3_GA date=200807181439)" implVendor="JBoss Inc." implTitle="JBoss [Trinity]" implVendorID="http://www.jboss.org/" implURL="http://www.jboss.org/" sealed="false" md5Digest="b363bdde4cd08a62cb5a1a764dd5e8b3"/>
  <jar name="jbossha.jar" specVersion="4.2.3.GA" specVendor="JBoss (http://www.jboss.org/)" specTitle="JBoss" implVersion="4.2.3.GA (build: SVNTag=JBoss_4_2_3_GA date=200807181439)" implVendor="JBoss Inc." implTitle="JBoss [Trinity]" implVendorID="http://www.jboss.org/" implURL="http://www.jboss.org/" sealed="false" md5Digest="c743c9ca43d3c47243bdcee6b62f0b32"/>
  <jar name="jbossjmx-ant.jar" specVersion="4.2.3.GA" specVendor="JBoss (http://www.jboss.org/)" specTitle="JBoss" implVersion="4.2.3.GA (build: SVNTag=JBoss_4_2_3_GA date=200807181439)" implVendor="JBoss Inc." implTitle="JBoss [Trinity]" implVendorID="http://www.jboss.org/" implURL="http://www.jboss.org/" sealed="false" md5Digest="c71d4b5c159cdac4ef822ed11c142c99"/>
  <jar name="jbossjta-integration.jar" specVersion="4.2.3.GA" specVendor="JBoss (http://www.jboss.org/)" specTitle="JBoss" implVersion="4.2.3.GA (build: SVNTag=JBoss_4_2_3_GA date=200807181439)" implVendor="JBoss Inc." implTitle="JBoss [Trinity]" implVendorID="http://www.jboss.org/" implURL="http://www.jboss.org/" sealed="false" md5Digest="d9d6cebf5248ea68b7ccdb6a0c455123"/>
  <jar name="jbossjta.jar" specVersion="4.2.3.GA" specVendor="JBoss (http://www.jboss.org/)" specTitle="JBoss" implVersion="4.2.3.GA (build: SVNTag=JBoss_4_2_3_GA date=200807181439)" implVendor="JBoss Inc." implTitle="JBoss [Trinity]" implVendorID="http://www.jboss.org/" implURL="http://www.jboss.org/" sealed="false" md5Digest="6c167731731e14028caa63aaf41817aa"/>
  <jar name="jbossmq-client.jar" specVersion="4.2.3.GA" specVendor="JBoss (http://www.jboss.org/)" specTitle="JBoss" implVersion="4.2.3.GA (build: SVNTag=JBoss_4_2_3_GA date=200807181439)" implVendor="JBoss Inc." implTitle="JBoss [Trinity]" implVendorID="http://www.jboss.org/" implURL="http://www.jboss.org/" sealed="false" md5Digest="eb32797787e107d854aa106cfd03fd42"/>
  <jar name="jbossmq.jar" specVersion="4.2.3.GA" specVendor="JBoss (http://www.jboss.org/)" specTitle="JBoss" implVersion="4.2.3.GA (build: SVNTag=JBoss_4_2_3_GA date=200807181439)" implVendor="JBoss Inc." implTitle="JBoss [Trinity]" implVendorID="http://www.jboss.org/" implURL="http://www.jboss.org/" sealed="false" md5Digest="f61339bcfeb37287c1941421ebc2c54d"/>
  <jar name="jbosssx-client.jar" specVersion="4.2.3.GA" specVendor="JBoss (http://www.jboss.org/)" specTitle="JBoss" implVersion="4.2.3.GA (build: SVNTag=JBoss_4_2_3_GA date=200807181439)" implVendor="JBoss Inc." implTitle="JBoss [Trinity]" implVendorID="http://www.jboss.org/" implURL="http://www.jboss.org/" sealed="false" md5Digest="f0a26436f56e29df9d2df9fcadb9ff67"/>
  <jar name="jbosssx.jar" specVersion="4.2.3.GA" specVendor="JBoss (http://www.jboss.org/)" specTitle="JBoss" implVersion="4.2.3.GA (build: SVNTag=JBoss_4_2_3_GA date=200807181439)" implVendor="JBoss Inc." implTitle="JBoss [Trinity]" implVendorID="http://www.jboss.org/" implURL="http://www.jboss.org/" sealed="false" md5Digest="49209b88a589fd09ea9c953a70908255"/>
  <jar name="jbossts-common.jar" specVersion="4.2.3.GA" specVendor="JBoss (http://www.jboss.org/)" specTitle="JBoss" implVersion="4.2.3.GA (build: SVNTag=JBoss_4_2_3_GA date=200807181439)" implVendor="JBoss Inc." implTitle="JBoss [Trinity]" implVendorID="http://www.jboss.org/" implURL="http://www.jboss.org/" sealed="false" md5Digest="62446a964e9a7228df0a966e356a539e"/>
  <jar name="jbossweb-extras.jar" specVersion="4.2.3.GA" specVendor="JBoss (http://www.jboss.org/)" specTitle="JBoss" implVersion="4.2.3.GA (build: SVNTag=JBoss_4_2_3_GA date=200807181439)" implVendor="JBoss Inc." implTitle="JBoss [Trinity]" implVendorID="http://www.jboss.org/" implURL="http://www.jboss.org/" sealed="false" md5Digest="a08afe5824fd2dc15242e627476e1220"/>
  <jar name="jbossweb-service.jar" specVersion="4.2.3.GA" specVendor="JBoss (http://www.jboss.org/)" specTitle="JBoss" implVersion="4.2.3.GA (build: SVNTag=JBoss_4_2_3_GA date=200807181439)" implVendor="JBoss Inc." implTitle="JBoss [Trinity]" implVendorID="http://www.jboss.org/" implURL="http://www.jboss.org/" sealed="false" md5Digest="4cd129d003dab74efef6c28475e7907e"/>
  <jar name="jbossweb.jar" specVersion="4.2.3.GA" specVendor="JBoss (http://www.jboss.org/)" specTitle="JBoss" implVersion="4.2.3.GA (build: SVNTag=JBoss_4_2_3_GA date=200807181439)" implVendor="JBoss Inc." implTitle="JBoss [Trinity]" implVendorID="http://www.jboss.org/" implURL="http://www.jboss.org/" sealed="false" md5Digest="9e58de37e905188d79d48f43e1cfca73"/>
  <jar name="jbossws-client.jar" specVersion="jbossws-3.0" specVendor="JBoss (http://www.jboss.org)" specTitle="JBossWS" implVersion="jbossws-3.0.1-native-2.0.4.GA (build=200803312044)" implVendor="JBoss Inc." implTitle="JBoss Web Services - Native" implVendorID="http://www.jboss.org" implURL="http://www.jboss.org/products/jbossws" sealed="false" md5Digest="26ba0b648ac8641fdc66943b2bb65a4e"/>
  <jar name="jbossws-common.jar" specVersion="jbossws-3.0" specVendor="JBoss (http://www.jboss.org)" specTitle="JBossWS" implVersion="jbossws-1.0.4.GA (build=200803271754)" implVendor="JBoss Inc." implTitle="@implementation.title@" implVendorID="http://www.jboss.org" implURL="http://www.jboss.org/products/jbossws" sealed="false" md5Digest="a459f8ccc03c412a4ed8dce8ca3aa513"/>
  <jar name="jbossws-core.jar" specVersion="jbossws-3.0" specVendor="JBoss (http://www.jboss.org)" specTitle="JBossWS" implVersion="jbossws-3.0.1-native-2.0.4.GA (build=200803312044)" implVendor="JBoss Inc." implTitle="JBoss Web Services - Native" implVendorID="http://www.jboss.org" implURL="http://www.jboss.org/products/jbossws" sealed="false" md5Digest="b8447286df16e87c336da2e792fb2d90"/>
  <jar name="jbossws-framework.jar" specVersion="jbossws-3.0" specVendor="JBoss (http://www.jboss.org)" specTitle="JBossWS" implVersion="jbossws-3.0.1.GA (build=200803271800)" implVendor="JBoss Inc." implTitle="JBoss Web Services - Framework" implVendorID="http://www.jboss.org" implURL="http://www.jboss.org/products/jbossws" sealed="false" md5Digest="4ee3c6714ccb66d2fa740989a0c84f2d"/>
  <jar name="jbossws-jboss42.jar" specVersion="4.2.3.GA" specVendor="JBoss (http://www.jboss.org/)" specTitle="JBoss" implVersion="4.2.3.GA (build: SVNTag=JBoss_4_2_3_GA date=200807181439) (build=200807181443)" implVendor="JBoss Inc." implTitle="JBoss [Trinity]" implVendorID="http://www.jboss.org/" implURL="http://www.jboss.org/" sealed="false" md5Digest="75b7b86899c72622007fb1b5bffa1dc8"/>
  <jar name="jbossws-spi.jar" specVersion="jbossws-3.0" specVendor="JBoss (http://www.jboss.org)" specTitle="JBossWS" implVersion="jbossws-1.0.2.GA (build=200803271745)" implVendor="JBoss Inc." implTitle="JBoss Web Services - SPI" implVendorID="http://www.jboss.org" implURL="http://www.jboss.org/products/jbossws" sealed="false" md5Digest="84707f0764fa17379ecf4158a592c060"/>
  <jar name="jcommon.jar" specVersion="4.2.3.GA" specVendor="JBoss (http://www.jboss.org/)" specTitle="JBoss" implVersion="4.2.3.GA (build: SVNTag=JBoss_4_2_3_GA date=200807181439)" implVendor="JBoss Inc." implTitle="JBoss [Trinity]" implVendorID="http://www.jboss.org/" implURL="http://www.jboss.org/" sealed="false" md5Digest="f58a2b9ac11bbbf7a29145577cea0bcb"/>
  <jar name="jettison.jar" specVersion="4.2.3.GA" specVendor="JBoss (http://www.jboss.org/)" specTitle="JBoss" implVersion="4.2.3.GA (build: SVNTag=JBoss_4_2_3_GA date=200807181439)" implVendor="JBoss Inc." implTitle="JBoss [Trinity]" implVendorID="http://www.jboss.org/" implURL="http://www.jboss.org/" sealed="false" md5Digest="e5c85cff62ecc079ddf5355d67cf9cfc"/>
  <jar name="jfreechart.jar" specVersion="4.2.3.GA" specVendor="JBoss (http://www.jboss.org/)" specTitle="JBoss" implVersion="4.2.3.GA (build: SVNTag=JBoss_4_2_3_GA date=200807181439)" implVendor="JBoss Inc." implTitle="JBoss [Trinity]" implVendorID="http://www.jboss.org/" implURL="http://www.jboss.org/" sealed="false" md5Digest="9de41031c083de8d6d0894dfdbf399dd"/>
  <jar name="jgroups.jar" specVersion="4.2.3.GA" specVendor="JBoss (http://www.jboss.org/)" specTitle="JBoss" implVersion="2.4.1-SP4" implVendor="JBoss Inc." implTitle="JBoss [Trinity]" implVendorID="http://www.jboss.org/" implURL="http://www.jboss.org/" sealed="false" md5Digest="94ec4068979ac9966f5b532f1e63ea43"/>
  <jar name="jms-ra.rar" specVersion="4.2.3.GA" specVendor="JBoss (http://www.jboss.org/)" specTitle="JBoss" implVersion="4.2.3.GA (build: SVNTag=JBoss_4_2_3_GA date=200807181439)" implVendor="JBoss Inc." implTitle="JBoss [Trinity]" implVendorID="http://www.jboss.org/" implURL="http://www.jboss.org/" sealed="false" md5Digest="d29c10d1ade9ef18f95db27ae4bc3186"/>
  <jar name="jmx-adaptor-plugin.jar" specVersion="4.2.3.GA" specVendor="JBoss (http://www.jboss.org/)" specTitle="JBoss" implVersion="4.2.3.GA (build: SVNTag=JBoss_4_2_3_GA date=200807181439)" implVendor="JBoss Inc." implTitle="JBoss [Trinity]" implVendorID="http://www.jboss.org/" implURL="http://www.jboss.org/" sealed="false" md5Digest="8c62fd8d0c81c47b0f2b013288a29ac5"/>
  <jar name="jmx-client.jar" specVersion="4.2.3.GA" specVendor="JBoss (http://www.jboss.org/)" specTitle="JBoss" implVersion="4.2.3.GA (build: SVNTag=JBoss_4_2_3_GA date=200807181439)" implVendor="JBoss Inc." implTitle="JBoss [Trinity]" implVendorID="http://www.jboss.org/" implURL="http://www.jboss.org/" sealed="false" md5Digest="44f3681c4a40977cdec7f236fe5319a1"/>
  <jar name="jmx-invoker-adaptor-client.jar" specVersion="4.2.3.GA" specVendor="JBoss (http://www.jboss.org/)" specTitle="JBoss" implVersion="4.2.3.GA (build: SVNTag=JBoss_4_2_3_GA date=200807181439)" implVendor="JBoss Inc." implTitle="JBoss [Trinity]" implVendorID="http://www.jboss.org/" implURL="http://www.jboss.org/" sealed="false" md5Digest="adf9517ab2702f21cfeef7533b06f0a9"/>
  <jar name="jnp-client.jar" specVersion="4.2.3.GA" specVendor="JBoss (http://www.jboss.org/)" specTitle="JBoss" implVersion="4.2.3.GA (build: SVNTag=JBoss_4_2_3_GA date=200807181439)" implVendor="JBoss Inc." implTitle="JBoss [Trinity]" implVendorID="http://www.jboss.org/" implURL="http://www.jboss.org/" sealed="false" md5Digest="992f2e4fa87270ab37cb3b1dd12bc0d8"/>
  <jar name="jnpserver.jar" specVersion="4.2.3.GA" specVendor="JBoss (http://www.jboss.org/)" specTitle="JBoss" implVersion="4.2.3.GA (build: SVNTag=JBoss_4_2_3_GA date=200807181439)" implVendor="JBoss Inc." implTitle="JBoss [Trinity]" implVendorID="http://www.jboss.org/" implURL="http://www.jboss.org/" sealed="false" md5Digest="10cad7274ad3a5dd91cd9863972192ad"/>
  <jar name="joesnmp.jar" specVersion="4.2.3.GA" specVendor="JBoss (http://www.jboss.org/)" specTitle="JBoss" implVersion="0.3.4" implVendor="joeSNMP" implTitle="JBoss [Trinity]" implVendorID="http://www.jboss.org/" implURL="http://sourceforge.net/projects/joesnmp" sealed="false" md5Digest="c863f35cfa1375878187cbe227d6c3c3"/>
  <jar name="jrockit-pluggable-instrumentor.jar" specVersion="jboss-aop-1.5.6.GA" specVendor="JBoss (http://www.jboss.org/)" specTitle="JBoss AOP Framework" implVersion="jboss-aop-1.5.6.GA" implVendor="JBoss.org" implTitle="JBoss AOP Framework" implVendorID="http://www.jboss.org/" implURL="http://www.jboss.org/" sealed="false" md5Digest="8b4138b75b7be9fcc26f8d6ebf8f31cb"/>
  <jar name="jsf-api.jar" specVersion="1.2MR2" specVendor="JBoss (http://www.jboss.org/)" specTitle="JavaServer Faces" implVersion="1.2_09-b01-BETA1" implVendor="Sun Microsystems, Inc." implTitle="Mojarra" implVendorID="com.sun" implURL="http://www.jboss.org/" sealed="false" md5Digest="38788521b9454d1e9ab8bc00a90d47b8"/>
  <jar name="jsf-impl.jar" specVersion="1.2MR2" specVendor="JBoss (http://www.jboss.org/)" specTitle="JavaServer Faces" implVersion="1.2_09-b01-BETA1" implVendor="Sun Microsystems, Inc." implTitle="Mojarra" implVendorID="com.sun" implURL="http://www.jboss.org/" sealed="false" md5Digest="afbac359cdcea03fb3b4a51a96516ce4"/>
  <jar name="jsp-api.jar" specVersion="4.2.3.GA" specVendor="JBoss (http://www.jboss.org/)" specTitle="JBoss" implVersion="4.2.3.GA (build: SVNTag=JBoss_4_2_3_GA date=200807181439)" implVendor="JBoss Inc." implTitle="JBoss [Trinity]" implVendorID="http://www.jboss.org/" implURL="http://www.jboss.org/" sealed="false" md5Digest="6398d6d9100e2de2e6699b5117a99e13"/>
  <jar name="jstl.jar" specVersion="1.2" specVendor="Sun Microsystems, Inc." specTitle="JavaServer Pages(TM) Standard Tag Library" implVersion="1.2" implVendor="Sun Microsystems, Inc." implTitle="Sun Java System Application Server" implVendorID="org.apache" implURL="http://www.jboss.org/" sealed="false" md5Digest="73cacd318d18c7c9a37ac6b1cac70404"/>
  <jar name="juddi-saaj.jar" specVersion="4.2.3.GA" specVendor="JBoss (http://www.jboss.org/)" specTitle="JBoss" implVersion="4.2.3.GA (build: SVNTag=JBoss_4_2_3_GA date=200807181439)" implVendor="JBoss Inc." implTitle="JBoss [Trinity]" implVendorID="http://www.jboss.org/" implURL="http://www.jboss.org/" sealed="false" md5Digest="5481bfbee3d2d41c3e39d13b195333ad"/>
  <jar name="juddi-service.jar" specVersion="4.2.3.GA" specVendor="JBoss (http://www.jboss.org/)" specTitle="JBoss" implVersion="4.2.3.GA (build: SVNTag=JBoss_4_2_3_GA date=200807181439)" implVendor="JBoss Inc." implTitle="JBoss [Trinity]" implVendorID="http://www.jboss.org/" implURL="http://www.jboss.org/" sealed="false" md5Digest="823cb5d6a51a15bf4d3a0b2f5a6fbc1e"/>
  <jar name="juddi.jar" specVersion="4.2.3.GA" specVendor="JBoss (http://www.jboss.org/)" specTitle="JBoss" implVersion="4.2.3.GA (build: SVNTag=JBoss_4_2_3_GA date=200807181439)" implVendor="JBoss Inc." implTitle="JBoss [Trinity]" implVendorID="http://www.jboss.org/" implURL="http://www.jboss.org/" sealed="false" md5Digest="d64aa74857887205f380dbc0f2ef607e"/>
  <jar name="log4j-boot.jar" specVersion="4.2.3.GA" specVendor="JBoss (http://www.jboss.org/)" specTitle="JBoss" implVersion="4.2.3.GA (build: SVNTag=JBoss_4_2_3_GA date=200807181439)" implVendor="JBoss Inc." implTitle="JBoss [Trinity]" implVendorID="http://www.jboss.org/" implURL="http://www.jboss.org/" sealed="false" md5Digest="a722dccae70ef27c95cade438c47704b"/>
  <jar name="log4j-snmp-appender.jar" specVersion="4.2.3.GA" specVendor="JBoss (http://www.jboss.org/)" specTitle="JBoss" implVersion="4.2.3.GA (build: SVNTag=JBoss_4_2_3_GA date=200807181439)" implVendor="JBoss Inc." implTitle="JBoss [Trinity]" implVendorID="http://www.jboss.org/" implURL="http://www.jboss.org/" sealed="false" md5Digest="a720baa5f40e528aa5aff15d7aa71a49"/>
  <jar name="log4j.jar" specVersion="4.2.3.GA" specVendor="JBoss (http://www.jboss.org/)" specTitle="JBoss" implVersion="4.2.3.GA (build: SVNTag=JBoss_4_2_3_GA date=200807181439)" implVendor="JBoss Inc." implTitle="JBoss [Trinity]" implVendorID="http://www.jboss.org/" implURL="http://www.jboss.org/" sealed="false" md5Digest="66ac9b80c2eaf9c7065fe89d47726c87"/>
  <jar name="logging-monitor.jar" specVersion="4.2.3.GA" specVendor="JBoss (http://www.jboss.org/)" specTitle="JBoss" implVersion="4.2.3.GA (build: SVNTag=JBoss_4_2_3_GA date=200807181439)" implVendor="JBoss Inc." implTitle="JBoss [Trinity]" implVendorID="http://www.jboss.org/" implURL="http://www.jboss.org/" sealed="false" md5Digest="a7c0b5d5c22af6c17383ca7f5f2d7105"/>
  <jar name="logkit.jar" specVersion="1.0" specVendor="Apache Software Foundation" specTitle="JBoss" implVersion="1.2" implVendor="Apache Software Foundation" implTitle="JBoss [Trinity]" implVendorID="ASF" implURL="http://www.jboss.org/" sealed="false" md5Digest="d4fff168dd64e467ae6123487b044e04"/>
  <jar name="mail-plugin.jar" specVersion="4.2.3.GA" specVendor="JBoss (http://www.jboss.org/)" specTitle="JBoss" implVersion="4.2.3.GA (build: SVNTag=JBoss_4_2_3_GA date=200807181439)" implVendor="JBoss Inc." implTitle="JBoss [Trinity]" implVendorID="http://www.jboss.org/" implURL="http://www.jboss.org/" sealed="false" md5Digest="755c2f7f28a313159429feeb8295775"/>
  <jar name="mail-ra.rar" specVersion="4.2.3.GA" specVendor="JBoss (http://www.jboss.org/)" specTitle="JBoss" implVersion="4.2.3.GA (build: SVNTag=JBoss_4_2_3_GA date=200807181439)" implVendor="JBoss Inc." implTitle="JBoss [Trinity]" implVendorID="http://www.jboss.org/" implURL="http://www.jboss.org/" sealed="false" md5Digest="33490b9a90c4c77e32db756290de2a09"/>
  <jar name="mail.jar" specVersion="1.4" specVendor="Sun Microsystems, Inc." specTitle="JavaMail(TM) API Design Specification" implVersion="1.4" implVendor="Sun Microsystems, Inc." implTitle="JavaMail(TM) API Reference Implementation" implVendorID="com.sun" implURL="http://www.jboss.org/" sealed="false" md5Digest="b945388768b42300691da5f34af9d032"/>
  <jar name="netboot.war" specVersion="4.2.3.GA" specVendor="JBoss (http://www.jboss.org/)" specTitle="JBoss" implVersion="4.2.3.GA (build: SVNTag=JBoss_4_2_3_GA date=200807181439)" implVendor="JBoss Inc." implTitle="JBoss [Trinity]" implVendorID="http://www.jboss.org/" implURL="http://www.jboss.org/" sealed="false" md5Digest="e067f99f8ddfc42ba546e5bd9d8613ab"/>
  <jar name="otherimages.jar" specVersion="4.2.3.GA" specVendor="JBoss (http://www.jboss.org/)" specTitle="JBoss" implVersion="4.2.3.GA (build: SVNTag=JBoss_4_2_3_GA date=200807181439)" implVendor="JBoss Inc." implTitle="JBoss [Trinity]" implVendorID="http://www.jboss.org/" implURL="http://www.jboss.org/" sealed="false" md5Digest="65daf9b2fb08c8fd724b2668e32f06cf"/>
  <jar name="pluggable-instrumentor.jar" specVersion="jboss-aop-1.5.6.GA" specVendor="JBoss (http://www.jboss.org/)" specTitle="JBoss AOP Framework" implVersion="jboss-aop-1.5.6.GA" implVendor="JBoss.org" implTitle="JBoss AOP Framework" implVendorID="http://www.jboss.org/" implURL="http://www.jboss.org/" sealed="false" md5Digest="5fcba6cd6192d9d4e3c1cafac344f618"/>
  <jar name="policy.jar" specVersion="4.2.3.GA" specVendor="Apache Software Foundation" specTitle="" implVersion="1.0" implVendor="Apache Software Foundation" implTitle="org.apache.ws.policy" implVendorID="http://www.jboss.org/" implURL="http://www.jboss.org/" sealed="false" md5Digest="21cd8255e9ba20199fc30c69ddaba27b"/>
  <jar name="properties-plugin.jar" specVersion="4.2.3.GA" specVendor="JBoss (http://www.jboss.org/)" specTitle="JBoss" implVersion="4.2.3.GA (build: SVNTag=JBoss_4_2_3_GA date=200807181439)" implVendor="JBoss Inc." implTitle="JBoss [Trinity]" implVendorID="http://www.jboss.org/" implURL="http://www.jboss.org/" sealed="false" md5Digest="c8226c278a7c091f47173ea32b59a498"/>
  <jar name="quartz-ra.rar" specVersion="4.2.3.GA" specVendor="JBoss (http://www.jboss.org/)" specTitle="JBoss" implVersion="4.2.3.GA (build: SVNTag=JBoss_4_2_3_GA date=200807181439)" implVendor="JBoss Inc." implTitle="JBoss [Trinity]" implVendorID="http://www.jboss.org/" implURL="http://www.jboss.org/" sealed="false" md5Digest="4d188caa7ff19730c045b7b4cdb898d0"/>
  <jar name="quartz.jar" specVersion="4.2.3.GA" specVendor="JBoss (http://www.jboss.org/)" specTitle="JBoss" implVersion="1.5.2" implVendor="OpenSymphony" implTitle="Quartz Enterprise Job Scheduler" implVendorID="http://www.jboss.org/" implURL="http://www.jboss.org/" sealed="false" md5Digest="6d180521f380692e9882a77bcc998a6e"/>
  <jar name="run.jar" specVersion="4.2.3.GA" specVendor="JBoss (http://www.jboss.org/)" specTitle="JBoss" implVersion="4.2.3.GA (build: SVNTag=JBoss_4_2_3_GA date=200807181439)" implVendor="JBoss Inc." implTitle="JBoss [Trinity]" implVendorID="http://www.jboss.org/" implURL="http://www.jboss.org/" sealed="false" md5Digest="39872e667243c901e2f6dbafc98626b4"/>
  <jar name="scheduler-plugin-example.jar" specVersion="4.2.3.GA" specVendor="JBoss (http://www.jboss.org/)" specTitle="JBoss" implVersion="4.2.3.GA (build: SVNTag=JBoss_4_2_3_GA date=200807181439)" implVendor="JBoss Inc." implTitle="JBoss [Trinity]" implVendorID="http://www.jboss.org/" implURL="http://www.jboss.org/" sealed="false" md5Digest="8d5f2982dcfb6ea6d3c8d3aadc941c36"/>
  <jar name="scheduler-plugin.jar" specVersion="4.2.3.GA" specVendor="JBoss (http://www.jboss.org/)" specTitle="JBoss" implVersion="4.2.3.GA (build: SVNTag=JBoss_4_2_3_GA date=200807181439)" implVendor="JBoss Inc." implTitle="JBoss [Trinity]" implVendorID="http://www.jboss.org/" implURL="http://www.jboss.org/" sealed="false" md5Digest="7ebd9f907acb3a284f0c7c9bd7000f63"/>
  <jar name="scout.jar" specVersion="4.2.3.GA" specVendor="JBoss (http://www.jboss.org/)" specTitle="JBoss" implVersion="4.2.3.GA (build: SVNTag=JBoss_4_2_3_GA date=200807181439)" implVendor="JBoss Inc." implTitle="JBoss [Trinity]" implVendorID="http://www.jboss.org/" implURL="http://www.jboss.org/" sealed="false" md5Digest="50a50e454777f1b41cc65c167f9681a4"/>
  <jar name="serializer.jar" specVersion="4.2.3.GA" specVendor="JBoss (http://www.jboss.org/)" specTitle="JBoss" implVersion="4.2.3.GA (build: SVNTag=JBoss_4_2_3_GA date=200807181439)" implVendor="JBoss Inc." implTitle="JBoss [Trinity]" implVendorID="http://www.jboss.org/" implURL="http://www.jboss.org/" sealed="false" md5Digest="d530a352933c28bd0dda35b78d01abef"/>
  <jar name="servlet-api.jar" specVersion="4.2.3.GA" specVendor="JBoss (http://www.jboss.org/)" specTitle="JBoss" implVersion="4.2.3.GA (build: SVNTag=JBoss_4_2_3_GA date=200807181439)" implVendor="JBoss Inc." implTitle="JBoss [Trinity]" implVendorID="http://www.jboss.org/" implURL="http://www.jboss.org/" sealed="false" md5Digest="c7a534dabef48373f71f500a0a8bd03f"/>
  <jar name="shutdown.jar" specVersion="4.2.3.GA" specVendor="JBoss (http://www.jboss.org/)" specTitle="JBoss" implVersion="4.2.3.GA (build: SVNTag=JBoss_4_2_3_GA date=200807181439)" implVendor="JBoss Inc." implTitle="JBoss [Trinity]" implVendorID="http://www.jboss.org/" implURL="http://www.jboss.org/" sealed="false" md5Digest="4ba79469ff1606706a8128d6d50c1499"/>
  <jar name="snmp-adaptor.jar" specVersion="4.2.3.GA" specVendor="JBoss (http://www.jboss.org/)" specTitle="JBoss" implVersion="4.2.3.GA (build: SVNTag=JBoss_4_2_3_GA date=200807181439)" implVendor="JBoss Inc." implTitle="JBoss [Trinity]" implVendorID="http://www.jboss.org/" implURL="http://www.jboss.org/" sealed="false" md5Digest="967735c90ebc3b0b6e7914f94878a830"/>
  <jar name="stax-api.jar" specVersion="1.0" specVendor="JCP-173" specTitle="StAX" implVersion="1.0" implVendor="JCP" implTitle="StAX 1.0 API" implVendorID="http://www.jboss.org/" implURL="http://www.jboss.org/" sealed="false" md5Digest="842d96d025209240cab3165e5e99dcd7"/>
  <jar name="stax-ex.jar" specVersion="4.2.3.GA" specVendor="java.net" specTitle="" implVersion="1.1-SNAPSHOT" implVendor="java.net" implTitle="org.jvnet.staxex" implVendorID="http://www.jboss.org/" implURL="http://www.jboss.org/" sealed="false" md5Digest="8a6a298aa04cda19fe4963361e8eb323"/>
  <jar name="streambuffer.jar" specVersion="4.2.3.GA" specVendor="JBoss (http://www.jboss.org/)" specTitle="JBoss" implVersion="0.3" implVendor="Sun Microsystems, Inc." implTitle="XML Stream Buffer Implementation " implVendorID="com.sun" implURL="http://www.jboss.org/" sealed="false" md5Digest="ad1a01222e6d116651792a8e78c5f100"/>
  <jar name="trove.jar" specVersion="4.2.3.GA" specVendor="JBoss (http://www.jboss.org/)" specTitle="JBoss" implVersion="4.2.3.GA (build: SVNTag=JBoss_4_2_3_GA date=200807181439)" implVendor="JBoss Inc." implTitle="JBoss [Trinity]" implVendorID="http://www.jboss.org/" implURL="http://www.jboss.org/" sealed="false" md5Digest="b5e5670bf3b56bbba6a2898ea393848e"/>
  <jar name="twiddle.jar" specVersion="4.2.3.GA" specVendor="JBoss (http://www.jboss.org/)" specTitle="JBoss" implVersion="4.2.3.GA (build: SVNTag=JBoss_4_2_3_GA date=200807181439)" implVendor="JBoss Inc." implTitle="JBoss [Trinity]" implVendorID="http://www.jboss.org/" implURL="http://www.jboss.org/" sealed="false" md5Digest="31d720d4b88071332c53847348578c52"/>
  <jar name="wsdl4j.jar" specVersion="1.2" specVendor="IBM (Java Community Process)" specTitle="JWSDL" implVersion="1.6.2" implVendor="IBM" implTitle="WSDL4J" implVendorID="http://www.jboss.org/" implURL="http://www.jboss.org/" sealed="false" md5Digest="ed329ff646073e58f1538d34b6016d12"/>
  <jar name="wstx.jar" specVersion="1.0" specVendor="http://jcp.org/en/jsr/detail?id=173" specTitle="StAX 1.0 API" implVersion="3.1.1" implVendor="woodstox.codehaus.org" implTitle="WoodSToX XML-processor" implVendorID="http://www.jboss.org/" implURL="http://www.jboss.org/" sealed="false" md5Digest="f3141ca9fee1a6aab70f597e2a9466dc"/>
  <jar name="xalan.jar" specVersion="4.2.3.GA" specVendor="JBoss (http://www.jboss.org/)" specTitle="JBoss" implVersion="4.2.3.GA (build: SVNTag=JBoss_4_2_3_GA date=200807181439)" implVendor="JBoss Inc." implTitle="JBoss [Trinity]" implVendorID="http://www.jboss.org/" implURL="http://www.jboss.org/" sealed="false" md5Digest="4eda8362c5428d5867de02b356984144"/>
  <jar name="xercesImpl.jar" specVersion="4.2.3.GA" specVendor="JBoss (http://www.jboss.org/)" specTitle="JBoss" implVersion="4.2.3.GA (build: SVNTag=JBoss_4_2_3_GA date=200807181439)" implVendor="JBoss Inc." implTitle="JBoss [Trinity]" implVendorID="http://www.jboss.org/" implURL="http://www.jboss.org/" sealed="false" md5Digest="abfd4736e391bc318ce555b5d7721761"/>
  <jar name="xmlentitymgr.jar" specVersion="4.2.3.GA" specVendor="JBoss (http://www.jboss.org/)" specTitle="JBoss" implVersion="4.2.3.GA (build: SVNTag=JBoss_4_2_3_GA date=200807181439)" implVendor="JBoss Inc." implTitle="JBoss [Trinity]" implVendorID="http://www.jboss.org/" implURL="http://www.jboss.org/" sealed="false" md5Digest="5748b9d9ec9333e072937179127881f1"/>
  <jar name="xmlsec.jar" specVersion="4.2.3.GA" specVendor="JBoss (http://www.jboss.org/)" specTitle="JBoss" implVersion="4.2.3.GA (build: SVNTag=JBoss_4_2_3_GA date=200807181439)" implVendor="JBoss Inc." implTitle="JBoss [Trinity]" implVendorID="http://www.jboss.org/" implURL="http://www.jboss.org/" sealed="false" md5Digest="f5758982cb54ca342864ba4126a63228"/>
</jar-versions>
